Player Name;Weight
Aaron Addison;3,5
Abhinav Sanjeev Shanmugam;4
Adam El Mihdawy;3,5
Adam Majchrowicz;3,5
Adam Pavlasek;3,5
Adelchi Virgili;3,5
Adil Kalyanpur;4,5
Adrian Andrzejczuk;3,5
Adrian Bodmer;3,5
Adrian Menendez Maceiras;2
Adrian Sikora;2,5
Adrian Ungur;4,5
Adrien Bossel;3,5
Adrien Puget;2
Agustin Velotti;3,5
Aitor Aramburu;3,333333333
Akira Santillan;2
Alastair Gray;4,5
Albano Olivetti;3,8
Albert Alcaraz Ivorra;3,5
Alberto Brizzi;2
Alberto Lim;4
Alberto Romero De Avila Senise;3,5
Aldin Setkic;3,5
Alejandro Davidovich Fokina;3,5
Alejandro Gomez Gb42;3,5
Alejandro Gonzalez;5,5
Alejandro Mendoza;3,5
Alejandro Tabilo;3,5
Aleksandar Kovacevic;5
Aleksandar Vukic;3,5
Aleksandr Nedovyesov;5
Aleksandre Metreveli;3,4
Alen Avidzba;4
Alessandro Bega;3,5
Alessandro Coppini;5,5
Alessandro Giannessi;2
Alessandro Petrone;3,5
Alex Bolt;2,5
Alex De Minaur;3
Alex Kobelt;5
Alex Kuznetsov;2,5
Alex Lawson;3
Alex Molcan;3,5
Alex Rybakov;3,5
Alexandar Lazarov;4
Alexandar Lazov;3,5
Alexander Babanine;3,5
Alexander Brown;4
Alexander Bublik;2
Alexander Bury;2,5
Alexander Crnokrak;4
Alexander Erler;3,5
Alexander Lobkov;2,666666667
Alexander Merino;3,5
Alexander Ritschard;3,5
Alexander Sarkissian;3,6
Alexander Vasilenko;3,5
Alexander Ward;2,5
Alexander Weis;4
Alexander Zhurbin;3,8
Alexandr Igoshin;3,5
Alexandre Muller;3,5
Alexandre Penaud;2,5
Alexandre Sidorenko;2,5
Alexandre Tsuchiya;3
Alexei Popyrin;4
Alexey Vatutin;2,5
Alexey Zakharov;5
Alexios Halebian;3,5
Alexis Canter;3,5
Alexis Galarneau;4
Alexis Gautier;3,5
Alexis Musialek;3,5
Aljaz Jakob Kaplja;2
Aljaz Radinski;3
Altug Celikbilek;3,5
Alvaro Lopez San Martin;3,5
Amal Sultanbekov;3,5
Amine Ahouda;3,5
Amir Weintraub;2
Andre Gaspar Murta;3,5
Andre Goransson;3,25
Andre Miele;3,5
Andrea Arnaboldi;5
Andrea Basso;3,5
Andrea Collarini;3
Andrea Del Federico;6
Andrea Guerrieri;4
Andrea Pellegrino;3,2
Andrea Vavassori;3,5
Andreas Beck;1
Andreas Haider Maurer;4
Andreas Mies;2
Andrei Stefan Apostol;3
Andrei Vasilevski;2
Andrej Glvac;4,5
Andrej Martin;3
Andres Artunedo Martinavarro;3,5
Andres Molteni;1,5
Andrew Carter;2,5
Andrew Harris;3,333333333
Andrew Whittington;3
Andrey Golubev;6
Andrey Rublev;1
Andrey Yakovlev;3
Andriej Kapas;2,5
Anil Yuksel;3
Antal Van Der Duim;3
Ante Pavic;3,5
Antoine Bellier;3,5
Antoine Cornut Chauvinc;5
Antoine Escoffier;3,5
Antoine Hoang;3
Antoine Leduc;2,5
Anton Chekhov;4,5
Anton Zaitsev;3,5
Antonio Massara;3,5
Antonio Ruiz Rosales;1
Antonio Sancic;2
Anvit Bendre;3,5
Aoran Wang;3,5
Aoxiong Wang;2,5
Aqeel Khan;3,666666667
Arata Onozawa;3
Arjun Kadhe;3,5
Aron Hiltzik;3,5
Arsenije Zlatanovic;3,6
Artem Dubrivnyy;3,5
Artem Smirnov;3,5
Artem Strokan;4
Arthur De Greef;2
Arthur Rinderknech;4
Aryan Goveas;4
Aslan Karatsev;4
Attila Balazs;3,25
Augusto Virgili;2,333333333
Austin Krajicek;4,5
Axel Geller;4,5
Axel Michon;3,5
Ayoub Chakrouni;2,5
Aziz Dadabaev;5
Aziz Dougaz;3,5
Baptiste Crepatte;3,5
Bar Tzuf Botzer;2,75
Baris Erguden;2
Barkin Yalcinkale;2
Bastian Malla;3,5
Bastian Trinker;3,2
Batyr Sapaev;2
Beibit Zhukayev;4,666666667
Ben Mclachlan;2
Ben Patael;3,5
Benjamin Balleret;2
Benjamin Bonzi;3,5
Benjamin Hassan;3,5
Benjamin Lock;3,5
Benjamin Mitchell;3
Benjamin Sigouin;4
Benoit Paire;2
Bernabe Zapata Miralles;3
Bernardo Saraiva;3,5
Bjorn Fratangelo;1
Blake Ellis;3,5
Blake Mott;3,2
Blazej Koniusz;1,5
Bogdan Bobrov;3,5
Bogdan Borza;3,5
Boris Arias;4,5
Boris Kozlov;4,5
Boris Pashanski;1
Borna Coric;1
Borna Gojo;4
Botic Van De Zandschulp;3,5
Bowen Ouyang;2
Boy Westerhof;2
Bradley Klahn;4
Bradley Mousley;3,5
Brandon Holt;4,5
Brandon Nakashima;5,5
Brandon Walkin;3,2
Brayden Schnur;3
Brian Tran;3,25
Bruno Britez;4,5
Bruno Santanna;3,5
Brydan Klein;3,6
Bumpei Sato;1,5
Caio Silva;3
Calum Puttergill;3,5
Calvin Hemery;3,2
Cameron Norrie;2
Camilo Ugo Carabelli;4
Cannon Kingsley;5,5
Carl Soderlund;3,5
Carlos Alcaraz;5,5
Carlos Boluda Purkiss;3,5
Carlos Eduardo Severino;3,5
Carlos Gomez Herrera;2,5
Carlos Ramirez Utermann;2,5
Carlos Salamanca;2
Carlos Taberner;2,5
Casper Ruud;2
Cedrik Marcel Stebe;3,75
Cem Ilkel;3
Cengiz Aksu;4
Cesar Ramirez;1
Chaleechan Tanasugarn;1,5
Chan Yeong Oh;3,25
Chandril Sood;3
Charles Force;3,8
Chase Buchanan;1,5
Chayanon Kaewsuto;3,5
Cheng Peng Hsieh;2,5
Cheng Yu Yu;3,5
Cheong Eui Kim;3,5
Chieh Fu Wang;1,5
Chien Hsun Lo;4
Christian Harrison;3,5
Christian Lindell;3,5
Christopher Diaz Figueroa;3
Christopher Eubanks;4
Christopher Heyman;3,5
Christopher Oconnell;3,5
Christopher Rungkat;2,5
Chu Huan Yi;2
Chuhan Wang;3,5
Chukang Wang;4
Chun Hsin Tseng;4,5
Chung Hyo Woo;2
Claudio Fortuna;3,5
Clay Thompson;2,5
Clement Geens;3,5
Colin Sinclair;5
Collin Altamirano;3,5
Congsup Congcar;3,5
Connor Farren;3,5
Connor Smith;2,5
Constant Lestienne;3
Corentin Denolly;3,5
Corentin Moutet;2,5
Corrado Summaria;4
Courtney John Lock;3,4
Cristian Carli;3
Cristian Garin;2,75
Cristian Rodriguez;3,5
Cristobal Grandon Diaz;2
Dalwinder Singh;3,5
Damian Farinola;2,5
Damon Gooch;2,5
Dan Added;4
Dane Propoggia;3
Daniel Altmaier;3,5
Daniel Appelgren;3
Daniel Batista;4,5
Daniel Brands;2
Daniel Cox;2
Daniel Cukierman;3,5
Daniel Dutra Da Silva;3,5
Daniel Elahi Galan;2,5
Daniel Evans;1,5
Daniel Garza;2,5
Daniel Gimeno Traver;5
Daniel Glancy;2,5
Daniel Hobart;2
Daniel Kosakowski;1
Daniel Masur;3,5
Daniel Michalski;5
Daniel Mora;3,5
Daniel Munoz de la Nava;3,333333333
Daniel Nguyen;3,6
Daniel Nolan;3
Daniel Smethurst;2
Daniel Windahl;2
Daniel Yoo;3,5
Daniele Capecchi;3,5
Daniele Spinnato;2,5
Daniiar Duldaev;3
Daniil Medvedev;2
Danilo Petrovic;3
Danny Thomas;4,5
Dante Gennaro;3,5
Danylo Kalenichenko;3,5
Darian King;2
Dario Acosta;3,5
Darren K Polkinghorne;3
David Barclay;3,5
David Fleming;2,5
David O'Hare;1,5
David Pel;2,5
David Perez Sanz;3,5
David Pichler;3,5
David Poljak;3,5
David Rice;2
David Souto;3
David Vega Hernandez;3,5
David Volfson;3,5
Davide Galoppini;3,5
Davide Pontoglio;3,5
Dayne Kelly;3,5
Dean Obrien;1,5
Deiton Baughman;3
Dekel Bar;2,5
Denis Matsukevitch;3,5
Denis Shapovalov;2,5
Denis Yevseyev;3,5
Dennis Nevolo;2,5
Dennis Novak;3
Dennis Novikov;3
Denys Molchanov;1,5
Dhruv Sunish;4,5
Di Wu;3
Diego Hidalgo;3,5
Dimitar Kutrovsky;1,5
Dimitar Kuzmanov;3,5
Dimitriy Voronin;3,5
Dino Marcan;1,5
Dmitry Popko;3,5
Dmitry Surchenko;2,75
Dominik Kellovsky;3,5
Dominik Koepfer;3,5
Dominik Sproch;3
Dominik Suc;2,5
Dorian Descloix;2,5
Dostanbek Tashbulatov;4
Dragos Constantin Ignat;3,5
Dragos Dima;3,5
Duck Hee Lee;3,5
Duilio Beretta;2,666666667
Duje Kekez;3,5
Dusan Lojda;2
Dzmitry Zhyrmont;3
Edan Leshem;3,5
Edoardo Eremin;3,5
Eduard Esteve Lobato;3,5
Eduardo Dischinger;3,5
Eduardo Russi;2
Eduardo Schwank;2
Eduardo Struvay;3,5
Edward Bourchier;4,25
Edward Corrie;3
Eero Vasa;3,4
Egor Gerasimov;2,5
Elias Ymer;1
Elie Rousset;3
Elliot Benchetrit;4,5
Elmar Ejupovic;3,5
Emil Reinberg;4,5
Emil Ruusuvuori;4
Emilio Gomez;3,5
Emilio Nava;5,5
Enrico Becuzzi;2,5
Enrico Dalla Valle;3,5
Enrique Lopez Perez;3
Enzo Couacaud;3
Enzo Wallart;3,5
Ergi Kirkin;3,5
Eric Johnson;2,5
Eric Quigley;2,5
Erik Crepaldi;3,5
Ernesto Escobedo;2
Erwin Troebinger;5
Esteban Bruna;3,5
Evan Furness;4
Evan Hoyt;3,5
Evan King;2,5
Evan Song;3,5
Evan Zhu;4,5
Evgenii Tiurnev;3,5
Evgeny Elistratov;2
Evgeny Karlovskiy;3
Evgeny Korolev;2
Ezekiel Clark;4
Fabiano De Paula;3,2
Fabien Reboul;3,5
Fabrice Martin;1,5
Fabricio Neis;1,5
Fabrizio Ornago;3,5
Facundo Arguello;4,5
Facundo Diaz Acosta;5
Facundo Mena;3,5
Fajing Sun;3,5
Federico Arnaboldi;5,5
Federico Coria;3
Federico Gaio;3
Federico Iannaccone;5
Federico Zeballos;3,5
Fedor Chervyakov;2
Felipe Mantilla;3,5
Felipe Meligeni Alves;4
Felix Auger Aliassime;3
Felix Corwin;4
Fernando Romboli;2,5
Fernando Yamacita;4
Filip Bergevi;3,8
Filip Cristian Jianu;4,5
Filip Horansky;3
Filip Krajinovic;2,5
Filip Peliwo;3
Filip Veger;2,5
Filipp Kekercheni;2,5
Filippo Baldi;3
Finn Tearney;3,2
Flavio Cipolla;1,5
Florent Diep;3,5
Florent Serra;1,5
Florian Fallert;3,5
Florian Lakat;3,5
Fran Zvonimir Zgombic;3,5
Frances Tiafoe;1,5
Francesco Ferrari;3,5
Francesco Forti;5
Francesco Picco;2
Francesco Vilardo;3,5
Francis Casey Alcantara;4
Francisco Bahamonde;2,5
Francisco Cabral;3,5
Francisco Cerundolo;4,5
Franco Agamenone;3,5
Franco Emanuel Egea;3,5
Frank Dancevic;3,333333333
Franko Skugor;1,5
Fred Simonsson;4
Frederico Ferreira Silva;3,5
Frederico Gil;2
Frederik Nielsen;2
Fredrik Ask;2,5
Fritz Wolmarans;1,5
Gabor Borsos;3,5
Gabriel Alejandro Hidalgo;3,5
Gabriel Petit;3,5
Gage Brymer;3,8
Gavin Van Peperzeel;3
Genaro Alberto Olivieri;3,5
Gengo Kikuchi;3,5
Geoffrey Blancaneaux;3,5
George Botezan;4
George Tsivadze;3,5
George Von Massow;3,5
Gerard Granollers;2,5
Gerardo Lopez Villasenor;3,5
Germain Gigounon;3
Gian Marco Moroni;3
Gianluca Di Nicola;3,5
Gianluca Mager;3
Gianluca Naso;2
Gianluigi Quinzi;3,4
Gianni Mina;3,5
Gibril Diarra;2,5
Gijs Brouwer;3,5
Gilles Muller;1
Giorgio Portaluri;3,5
Giorgio Ricca;3,5
Giovanni Fonio;4
Giovanni Lapentti;1,5
Giulio Zeppieri;4,666666667
Giuseppe Tresca;5,5
Gleb Alekseenko;2,5
Gleb Sakharov;3
Goncalo Falcao;3,5
Goncalo Oliveira;3,5
Gonzales Austin;2,5
Gonzalo Escobar;3,5
Gonzalo Lama;3,5
Gonzalo Villanueva;3,5
Govind Nanda;5
Greg Jones;2,5
Greg Ouellette;1,5
Grega Zemlja;2
Gregoire Barrere;3
Gregoire Burquier;2,5
Gregoire Jacq;3,5
Grigoriy Korobeynikov;4,5
Grigoriy Lomakin;4
Grzegorz Panfil;3
Guilherme Clezar;5
Guillaume Rufin;1,5
Guillermo Duran;1
Guillermo Olaso;4,5
Guillermo Rivera Aranguiz;2
Gustavo De Oliveira Cruz Cruz;2,5
Hady Habib;4
Haitong Xia;4,25
Hans Hach Verdugo;2
Hans Podlipnik Castillo;1,5
Hanyi Liu;5
Hao Wu;4
Harri Heliovaara;3,666666667
Harrison Adams;5
Harry Bourchier;3,5
Hendrik Jebens;4
Henri Laaksonen;2
Henrik Sillanpaa;2
Henrik Wiersholm;3,5
Henrique Cunha;2
Henry Craig;4,25
Herkko Pollanen;2
Hernan Casanova;3,5
Hiroki Kondo;2
Hiroki Moriya;5
Hiroyasu Ehara;3,5
Holger Rune;6
Hong Chung;3,5
Hsien Yin Peng;3
Hubert Hurkacz;2,5
Hugo Dellien;3
Hugo Di Feo;2,333333333
Hugo Gaston;4
Hugo Grenier;3,5
Hugo Nys;2,5
Huixin Wang;3,5
Hunter Callahan;3
Hunter Reese;2,5
Hyeon Chung;1
Igor Ribeiro Marcondes;4
Igor Sijsling;5
Ilija Vucic;3
Illya Marchenko;6
Ilya Ivashka;2
Ilya Vasilyev;3
Inigo Cervantes Huegun;3,6
Isaiah Strode;4,5
Isak Arvidsson;2,5
Issei Okamura;3,5
Ivan Bjelica;2
Ivan Endara;3,5
Ivan Gakhov;3,5
Ivan Nedelko;3,5
Ivan Sabanov;3,5
Ivar Jose Aramburu Contreras;3,2
Ivo Klec;1,5
Ivo Minar;2,5
J J Wolf;4
Jabor Al Mutawa;3,5
Jack Draper;5
Jack Mingjie Lin;4
Jack Molloy;4,5
Jacob Dunbar;4,25
Jacob Grills;3,5
Jacopo Berrettini;4,5
Jacopo Stefanini;3
Jaime Pulgar Garcia;3,5
Jaimee Floyd Angele;4,5
Jake Delaney;4
Jakob Sude;4
Jakub Paul;5
James Duckworth;4
James Frawley;3,8
James Ibrahim;4,333333333
James Marsalek;2,5
James Mcgee;1
Jan Choinski;3,5
Jan Hajek;1,5
Jan Mertl;1,5
Jan Satral;3,5
Jan Zielinski;3,5
Janez Semrajc;1
Jannik Sinner;5,5
Jared Donaldson;1
Jared Hiltzik;3,5
Jarmere Jenkins;2
Jaroslav Pospisil;2
Jarryd Chaplin;2
Jason Jung;2
Jason Kubler;2,666666667
Jaume Munar;2,5
Jaume Pla Malfeito;3,5
Javier Barranco Cosano;4
Javier Marti;3,5
Jay Clarke;3,5
Jayden Court;5,5
Jayesh Pungliya;3,5
Jc Aragone;3,5
Jea Moon Lee;3,5
Jean Yves Aubone;2
Jeevan Nedunchezhiyan;1,5
Jelle Sels;3,5
Jenson Brooksby;4,5
Jeremy Beale;3,5
Jeremy Jahn;3,5
Jeroen Vanneste;3,5
Jeson Patrombon;3,5
Jesse Huta Galung;3
Ji Hoon Son;3
Ji Sung Nam;3,5
Jianhui Li;4
Jiaqi Duan;3,2
Jie Cui;4,5
Jimmy Wang;3,5
Jirat Navasirisomboon;3,5
Jiri Lehecka;5,5
Joao Domingues;2,5
Joao Menezes;3,5
Joao Monteiro;3,8
Joao Pedro Sorgi;3,5
Joao Souza;5
Joao Walendowsky;2
Joe Salisbury;2
Joffrey De Schepper;3,5
Johan Nikles;3,5
Johan Sebastien Tatlot;3
Johannes Haerteis;3,5
John Lamble;3,5
John Mcnally;4
John Millman;1
Jonas Eriksson Ziverts;4
Jonas Forejtek;5
Jonas Luetjen;2,5
Jonathan Chang;3,5
Jonathan Eysseric;3,2
Jonathan Gray;4
Jonathan Hilaire;2
Jonathan Ho;2,5
Jonathan Kanar;3,5
Jonathan Mridha;3,5
Jonny Omara;2,5
Jordan Correia Passos Do Carmo;3,5
Jordan Thompson;1,5
Jordi Arconada;3,5
Jordi Munoz Abreu;3,5
Jordi Samper Montana;3,5
Jorge Brian Panta Herreros;3,5
Jorge Hernando Ruano;3
Jorge Montero;3
Joris De Loore;3
Jose Antonio Rodriguez Rodriguez;3
Jose Checa Calvo;1,5
Jose Daniel Bendeck;3,5
Jose Fco Vidal Azorin;3,5
Jose Fernando Carvajal Torres;2
Jose Hernandez;3,2
Jose Olivares;3,5
Jose Pereira;3,5
Jose Rubin Statham;2,5
Joshua Milton;2
Joshua Paris;4
Joshua Peck;4
Josselin Ouanna;1,5
Jozef Kovalik;1
Juan Carlos Saez;3
Juan Carlos Spir;1
Juan Ignacio Galarza;3,5
Juan Ignacio Londero;2,666666667
Juan Lizariturry;3
Juan Manuel Benitez Chavarriaga;3,8
Juan Manuel Cerundolo;5
Juan Manuel Lopez;3
Juan Manuel Matute;2
Juan Montes;2,5
Juan Pablo Ficovich;3,5
Juan Pablo Paz;3,5
Juan Pablo Varillas;3,5
Juan Sebastian Gomez;3,5
Jui Chen Hung;3
Jules Marie;3
Jules Okala;3,5
Julian Bradley;4
Julian Lenz;3,5
Julian Ocleppo;3,5
Julian Onken;3
Julian Zlobinsky;4
Julien Cagnina;3,5
Julien Dubail;2
Julien Obry;2,333333333
Julio Cesar Campozano;1
Jumpei Yamasaki;3,5
Jung Woong Na;3,5
Jurabek Karimov;3,5
Jurgen Zopp;3,5
Jurij Rodionov;4
Justin Boulais;5,5
Justin S Shane;2
Kacper Zuk;4
Kai Breitbach;6
Kai Lemstra;4,5
Kaichi Uchida;3,5
Kaito Itsusaki;4,5
Kaito Uesugi;3,5
Kamil Majchrzak;2,5
Karen Khachanov;1,5
Karim Mohamed Maamoun;3,5
Karl Friberg;4
Karol Beck;2
Karol Drzewiecki;3,5
Karue Sell;5
Karunuday Singh;3,5
Kaza Vinayak Sharma;3,5
Kazuki Nishiwaki;3,8
Kazuma Kawachi;3,5
Keegan Smith;4,5
Kelsey Stevenson;3,5
Ken Onishi;3,5
Ken Onoda;3,5
Kenneth Raisma;3,5
Kento Takeuchi;3,5
Kevin Griekspoor;2,5
Kevin King;3,25
Kevin Krawietz;2,75
Kevin Kylar;2
Khalid Allouch;2,5
Khumoun Sultanov;3,5
Kimmer Coppejans;3,333333333
Kirill Dmitriev;2,5
Kirill Kivattsev;4
Kirill Komarov;2
Kittipong Wachiramanowong;2,5
Ko Suzuki;3,2
Konstantin Kravchuk;4
Kristian Lozan;4,5
Kristijan Mesaros;2,666666667
Kuan Yi Lee;3,5
Kunal Anand;3,5
Kyle Edmund;1
Kyle Seelig;5
Lakshit Sood;2,75
Lamine Ouahab;3
Laslo Djere;2,5
Laurent Lokoli;3,5
Laurent Rochette;3,5
Lauri Kiiski;4
Laurynas Grigelis;3,5
Lawrence Bataljin;3,5
Lennert Van Der Linden;3
Lenny Hampel;3,5
Liam Broady;3,2
Liam Caruana;4
Liam Draxl;5,5
Liang Chi Huang;2,5
Linus Frost;4,5
Ljubomir Celebic;3,5
Lloyd Glasspool;3,5
Lloyd Harris;3
Logan Smith;3,5
Loic Perret;3
Lorenzo Frigerio;3,5
Lorenzo Giustino;3
Lorenzo Musetti;5
Lorenzo Sonego;2,333333333
Louis Tessa;3,5
Louis Wessels;3,5
Louk Sorensen;1
Luca Castelnuovo;4
Luca Giacomini;4
Luca Margaroli;3,5
Luca Pancaldi;2,5
Luca Vanni;4
Lucas Catarina;4
Lucas Gerch;3,6
Lucas Gomez;3,5
Lucas Miedler;3,5
Lucas Pouille;1
Lucas Renard;3,5
Lucas Vuradin;4,5
Luis David Martinez;3
Luis Faria;4
Luis Patino;3,5
Luis Valero;3
Lukas Klein;4
Lukas Mugevicius;3
Lukas Ollert;4,5
Lukas Rosol;5
Lukas Ruepke;3
Luke Bambridge;3
Luke Johnson;3,8
Luke Saville;3,5
Maciej Rajski;3,5
Maciej Smola;3,5
Mackenzie Mcdonald;2,5
Makoto Ochi;4
Manish Sureshkumar;4
Manuel Guinard;4
Manuel Pena Lopez;3,5
Manuel Sanchez;3
Mao Xin Gong;1
Marc Andrea Huesler;3,5
Marc Giner;3
Marc Polmans;3
Marc Sieber;3
Marcel Felder;4
Marcelo Arevalo;2
Marcelo Demoliner;1
Marcelo Zormann Da Silva;3
Marcin Gawron;3
Marco Bortolotti;3,5
Marco Cecchinato;2,5
Marco Chiudinelli;4
Marco Trungelliti;3
Marcos Giron;3
Marcus Daniell;1
Marcus Willis;3
Marek Gengel;4
Marek Jaloviec;3,5
Marek Michalicka;1,5
Marek Semjan;3,5
Mariano Kestelboim;3,5
Mario Vilella Martinez;3
Marius Copil;3
Mark Verryth;4
Mark Vervoort;1,5
Mark Whitehouse;3,5
Marko Djokovic;1
Marko Miladinovic;5
Marko Tepavac;3,5
Markos Kalovelonis;3,5
Markus Eriksson;3,5
Marsel Ilhan;3,8
Martin Alund;2
Martin Blasko;3
Martin Cuevas;3,5
Martin Fischer;1,5
Martin Joyce;4
Martin Redlicki;3,5
Martin Vaisse;1,5
Martins Podzus;3,5
Marvin Bernardo Becker Spiering;3,5
Marvin Moeller;4
Marvin Netuschil;3,5
Masamichi Imamura;5
Masato Shiga;2,5
Mate Delic;3
Mate Pavic;1,5
Mate Valkusz;4
Matej Sabanov;3,5
Matej Vocel;4
Mateo Nicolas Martinez;3,5
Mathias Bourgue;3,5
Mathieu Perchicot;3,5
Mathieu Rodrigues;2
Matias Franco Descotte;3,5
Matias Zukas;3,5
Matija Pecotic;3
Mats Moraing;2,5
Mats Rosenkranz;4
Matt Reid;2
Matt Seeberger;2,666666667
Matteo Berrettini;2,5
Matteo Donati;1,5
Matteo Marfia;2,5
Matteo Martineau;4
Matteo Trevisan;2,5
Matteo Viola;3,5
Matthew Barton;2,75
Matthew Christopher Romios;4,25
Matthew Dellavedova;4,5
Matthias Bachinger;4
Matwe Middelkoop;1,5
Mauricio Astorga;3,2
Mauricio Echazu;3,5
Maverick Banes;3,5
Max Jacob Schnur;1,5
Max Purcell;3,5
Maxim Dubarenco;2
Maxime Authom;2,5
Maxime Chazal;3,5
Maxime Cressy;4,5
Maxime Hamou;3,5
Maxime Janvier;3
Maxime Tabatruong;3
Maxime Tchoutakian;3,5
Maxime Teixeira;2
Maximilian Marterer;2
Maximilian Neuchrist;3,5
Maximiliano Estevez;3,5
Mehdi Jdi;2,5
Mert Naci Turker;4
Michael Geerts;3,5
Michael Lammer;1
Michael Linzer;2,5
Michael Look;3,5
Michael Mmoh;2,5
Michael Quintero;2
Michael Redlicki;5,5
Michael Shabaz;3,5
Michael Vrbensky;4,5
Michael Zhu;4,5
Michail Pervolarakis;3,5
Michal Dembek;3,5
Michal Konecny;3,5
Michal Przysiezny;4,5
Michel Vernier;3,5
Mick Lescure;3,5
Micke Kontinen;1,5
Mico Santiago;2,5
Miguel Angel Reyes Varela;1
Miguel Semmler;3,5
Mikael Torpegaard;3,5
Mikael Ymer;3
Mikalai Haliak;3,8
Mikelis Libietis;3
Mikhail Elgin;2
Mikhail Fufygin;3,5
Mikhail Ledovskikh;3
Mikhail Vaks;2
Miki Jankovic;2,5
Miliaan Niesten;3
Miljan Zekic;3
Milos Sekulic;3
Miloslav Mecir Jr;1,5
Min Kyu Song;3,5
Miomir Kecmanovic;3
Mircea Alexandru Jecan;3,5
Mirko Cutuli;3,5
Mirza Basic;1
Mischa Zverev;2
Mislav Bosnjak;4,5
Mitchell Krueger;2
Moez Echargui;3,5
Mohamed Safwat;2
Mousa Shanan Zayed;3,5
Muhammet Haylaz;3
N Sriram Balaji;2,5
N Vijay Sundar Prashanth;2
Nam Hoang Ly;3,5
Naoki Nakagawa;3,5
Nathan Pasha;2,5
Nathaniel Lammons;3
Natthasith Kunsuwan;4,5
Neil Pauffley;3,5
Nerman Fatic;3,5
Nicaise Muamba;3
Nicholas S Hu;3,5
Nick Chappell;3,5
Nick Hardt;4
Nico Matic;3
Nicola Ghedin;3
Nicola Kuhn;3
Nicolaas Scholtz;3
Nicolae Frunza;3,5
Nicolas Alberto Arreche;3,5
Nicolas Alvarez;4
Nicolas Alvarez Varona;4
Nicolas Barrientos;3
Nicolas Jarry;2
Nicolas Kicker;1,5
Nicolas Meister;2,75
Nicolas Mejia;4,5
Nicolas Reissig;1,5
Nicolas Santos;3
Nicolo Turchetti;3,5
Niels Desein;3,5
Niels Lootsma;3,5
Nigmat Shofayziev;3,5
Nik Razborsek;4
Niklas Guttau;5
Nikola Cacic;3,25
Nikola Mektic;1
Nikola Milojevic;3
Nikolas Sanchez Izquierdo;5
Nikoloz Basilashvili;1
Nils Langer;2,5
Nino Serdarusic;3,5
Nitin Kumar Sinha;3,5
Noah Rubin;2,75
Nuno Borges;3,5
Olimjon Nabiev;5
Oliver Anderson;2
Oliver Crawford;4,5
Olukayode Alafia Damina Ayeni;4,25
Omar Giacalone;3,5
Omar Jasika;3
Omar Salman;3,5
Oriol Roca Batalla;3,5
Orlando Luz;3,5
Oscar Jose Gutierrez;3,5
Oscar Otte;2,5
Osni Junior;4
Pablo Andujar;4
Pablo Vivero Gonzalez;3,5
Palaphoom Kovapitukted;5
Pascal Brunner;3
Pascal Meis;3,5
Patricio Heras;3
Patrick Daciek;3
Patrick Fitzgerald;2
Patrick Kypson;4
Patrik Fabian;2,5
Patrik Nema;4
Patrik Niklas Salminen;3,5
Patrik Rikl;3,5
Patrik Rosenholm;2,5
Paul Jubb;5
Pavel Kotov;4
Pavel Krainik;3,5
Pavel Nejedly;3,5
Pavel Tsoy;3
Pawel Cias;3,5
Pedja Krstin;2,5
Pedro Bernardi;2
Pedro Cachin;3
Pedro Martinez;3
Pedro Sakamoto;3,5
Pedro Sousa;3
Pere Riba;4,25
Peter Bothwell;3,5
Peter Heller;3,5
Peter Kobelt;3,5
Peter Nagy;3,5
Peter Polansky;2,5
Peter Torebko;3,5
Peter Vajda;3,5
Petr Michnev;3,5
Petr Nouza;4,5
Petros Chrysochos;3,5
Petru Alexandru Luncanu;3,5
Phassawit Burapharitta;2
Philip Bester;2,5
Philip Davydenko;3
Pietro Licciardi;3
Pietro Rondoni;3,5
Piotr Matuszewski;4
Pol Toledo Bague;3,5
Prajnesh Gunneswaran;3,5
Pruchya Isarow;3
Purav Raja;2
Puriwat Chatpatcharoen;4
Quentin Gueydan;5,5
Quentin Halys;3
Quentin Robert;3,5
Radu Albot;1
Rafael Camilo;2
Rafael Matos;3,5
Raleigh Smith;3,5
Ramkumar Ramanathan;2,5
Ranjeet Virali Murugesan;2
Raphael Baltensperger;3,5
Raul Brancaccio;4
Raul Isaias Rosas Zarur;2,5
Ray Ho;4,5
Rayane Roumane;3,5
Raymond Sarmiento;3,2
Reda El Amrani;3,5
Reilly Opelka;2
Remi Boutillier;3
Ren Nakamura;3,5
Rene Schulte;5
Renta Tokuda;3,5
Rhett Purcell;3,5
Rhyne Williams;3
Ricardo Hocevar;2,5
Ricardo Ojeda Lara;3,2
Ricardo Rodriguez;3,5
Ricardo Urzua Rivera;2
Riccardo Balzerani;4
Riccardo Bellotti;3,5
Riccardo Bonadio;3,5
Riccardo Ghedin;1,5
Riccardo Maiga;3,5
Richard Becker;1,5
Richard Gabb;2,5
Richard Muzaev;3,5
Rigele Te;3,5
Rik De Voest;1
Rio Noguchi;4,5
Robert Galloway;3,5
Roberto Carballes Baena;1
Roberto Cid;3,5
Roberto Marcora;3
Roberto Ortega Olmedo;3,5
Roberto Quiroz;2,5
Robin Kern;3,5
Robin Stanek;3,5
Rodrigo Arus;2
Romain Arneodo;3
Romain Barbosa;3,5
Romain Jouan;3,5
Roman Hassanov;3
Roman Jebavy;2
Roman Safiullin;3,5
Ronald Slobodchikov;3,5
Ronnie Schneider;3,6
Roy Sarut De Valk;3,5
Roy Smith;4,5
Ruan Roelofse;3,4
Ruben Bemelmans;1
Ruben Gonzales;4
Rudolf Molleker;3,5
Rui Machado;2
Ruikai Wang;3,5
Runhao Hua;4,25
Ryan Agar;1,5
Ryan James Storrie;3,5
Ryan Peniston;3,6
Ryan Shane;3,5
Ryan Sweeting;1
Ryota Tanuma;3,5
Ryusei Makiguchi;3
Sadio Doumbia;3,5
Sagadat Ayap;3,5
Saidalo Saidkarimov;3,5
Saketh Myneni;2,666666667
Salvatore Caruso;2,5
Sam Barry;3
Sam Riffice;4,5
Sam Taylor;4,25
Sami Reinwein;3,5
Samuel Bensoussan;3,5
Samuel Monette;3
Samuele Ramazzotti;4,5
San Hui Sin;4
Sanam Singh;2,5
Sanchai Ratiwatana;1
Sander Arends;1,5
Sander Gille;2,5
Sandro Ehrat;3,4
Sanetulla Kutybaev;3,5
Sanjar Fayziev;3,5
Santiago Fa Rodriguez Taverna;3,5
Santiago Maresca;3
Sardor Pulatov;3
Sarp Agabigun;3,5
Sarvar Ikramov;1,5
Sasi Kumar Mukund;3
Sathi Reddy;3,5
Savriyan Danilov;5
Scott Griekspoor;3,5
Scott Puodziunas;3,5
Sebastian Baez;4,5
Sebastian Exequiel Pini;2
Sebastian Fanselow;3,5
Sebastian Korda;4,5
Sebastian Ofner;2,5
Sebastian Prechtel;3,5
Sebastian Serrano;3
Sebastien Boltz;3,5
Sefa Suluoglu;3
Sekou Bangoura;3,5
Sem Verbeek;4
Seong Chan Hong;3,5
Seong Gook Oh;3,5
Sergei Bubka;1,5
Sergey Betov;3,5
Sergey Fomin;4,5
Sergio Galdos;3,5
Sergio Gutierrez Ferrol;3,25
Sergio Luis Hernandez Ramirez;3,5
Sergio Martos Gornes;3,5
Shalva Dzhanashia;4
Shao Fan Liu;3,5
Sharobiddin Abzalov;4
Sheng Hao Zhou;3,5
Sherif Sabry;3,5
Shi Hong Zeng;3,5
Shinji Hazawa;5
Shinta Fujii;3
Shintaro Imai;3,5
Sho Katayama;2,5
Sho Shimabukuro;4,5
Shohruh Abdumalikov;3,5
Shuichi Sekiguchi;3,5
Shunrou Takeshima;3,5
Siddharth Vishwakarma;3,5
Sidharth Rawat;3,5
Simon Carr;4
Simon Navarro;2,5
Simone Vagnozzi;1,5
Siyu Liu;2
Skander Mansouri;3,5
Soichiro Moritani;3,5
Somdev Devvarman;3
Sonchat Ratiwatana;1
Soon Woo Kwon;2,75
Sora Fukuda;3,5
Soren Hess Olesen;3
Stefan Kozlov;3
Stefan Merunka;2
Stefan Skadarka;3,75
Stefano Napolitano;2
Stefano Travaglia;2,5
Stefanos Tsitsipas;2,5
Stephane Robert;6
Steve Darcis;1
Steven De Waard;2,5
Steven Diez;3
Strong Kirchheimer;4
Su Hao Zhong;2,5
Sumit Nagal;3
Suraj R Prabodh;3,5
Szymon Walkow;3,5
Tadas Babelis;3,5
Taha Baadi;5,5
Taha Tifnouti;2
Taisei Ichikawa;5
Tak Khunn Wang;3
Takanyi Garanganga;3,5
Takashi Saito;3,5
Takuto Niki;3
Tallon Griekspoor;3
Tatsuma Ito;4,5
Taylor Fritz;1,5
Tejas Chaukulkar;3,5
Temur Ismailov;3,5
Tennys Sandgren;2
Thai Son Kwiatkowski;3
Thales Turini;2
Thanasi Kokkinakis;1
Theodoros Angelinos;1,5
Thiago Monteiro;1,5
Thiago Seyboth Wild;5
Thiemo De Bakker;5
Thien Nguyen Hoang;2,5
Thomas Bosancic;4,666666667
Thomas Brechemier;3
Thomas Fabbiano;1,5
Thomas Fancutt;3,5
Thomas Schoorel;1,5
Thomas Statzberger;3
Ti Chen;3
Tiago Cacao;4
Tiago Lopes;2,5
Tigre Hank;3,5
Tim Kopinski;2,5
Tim Puetz;2,5
Tim Van Rijthoven;3,4
Timo Stodder;4
Timofey Skatov;5
Timur Khabibulin;3,5
Timur Maulenov;5
Tobias Simon;3,5
Tom Farquharson;3
Tom Fawcett;3,5
Tom Jomby;3,6
Tom Kocevar Desman;3,5
Tom Schonenberg;3
Tomas Barrios Vera;3,5
Tomas Lipovsek Puches;3,5
Tomas Liska;4,5
Tomas Machac;5
Tomas Martin Etcheverry;3,5
Tomas Papik;3,5
Tomislav Brkic;3
Tomislav Edward Papac;3
Tommy Paul;3
Toni Androic;1,5
Trent Bryde;5
Trey Yates;3
Tristan Lamasine;3
Tristan Samuel Weissborn;1,5
Tristan Schoolkate;6
Tsung Hua Yang;3,5
Tucker Vorster;2,5
Tung Lin Wu;3,5
Tyler Hochwalt;2,5
Tyler Lu;4,5
Ugo Humbert;3,5
Ugo Nastasi;2
Uladzimir Ignatik;3
Ulises Blanch;4
Vaclav Safranek;3,5
Vadim Alekseenko;2
Vadym Ursu;3,5
Valery Rudnev;2
Vasil Kirkov;4
Vasile Antonescu;3,5
Vasko Mladenov;3,5
Victor Baluda;3
Victor Crivoi;3,4
Victor Hanescu;3
Victor Nunez;3,5
Viktor Durasovic;3,5
Viktor Galovic;2,5
Vincent Millot;1,5
Vishnu Vardhan;2,5
Vit Kopriva;4
Vitalii Shcherba;3,5
Vitaliy Sachko;3,5
Vitaly Kozyukov;3
Vlad Victor Cornea;3,5
Vladimir Ivanov;3,5
Vladimir Polyakov;3
Vladimir Uzhylovsky;3,5
Vladyslav Manafov;3,5
Vladyslav Orlov;4
Walter Trusendi;3,5
Washi Gervais;3,5
Wei De Lin;3,5
Wesley Koolhof;1
Wil Spencer;1,5
Wilfredo Gonzalez;4
William Blumberg;3,666666667
William Bushamuka;3,5
Wilson Leite;3,5
Winston Lin;2,5
Wishaya Trongcharoenchaikul;3,5
Woo Hyeok Jang;4,5
Xi Qi;3,2
Xiao Gong;2,5
Xin Gao;3,5
Yan Bai;3,5
Yan Sabanin;3,5
Yann Marti;3,5
Yannick Hanfmann;2,5
Yannick Jankovits;3,5
Yannick Maden;2,5
Yannick Mertens;3,2
Yannick Thivant;2,5
Yannick Vandenbulcke;3,8
Yannik Reuter;3,5
Yaraslav Shyla;3,5
Yassine Idmbarek;2,5
Yasutaka Uchiyama;2
Ye Cong Mo;4,5
Yecong He;3,5
Yibing Wu;3,5
Yong Kyu Lim;3,5
Yoshihito Nishioka;1
Yosuke Watanuki;4
Younes Rachidi;2,333333333
Young Seok Kim;3,5
Youssef Hossam;3,5
Yshai Oliel;4
Yu Hsiou Hsu;4
Yuanfeng Li;3,5
Yuga Tashiro;5
Yuichi Ito;3,5
Yuki Bhambri;2,5
Yuki Mochizuki;4,5
Yunseong Chung;3
Yuqing Ning;2,5
Yusuke Takahashi;4
Yusuke Watanuki;2,5
Yuta Shimizu;4,5
Yuuya Kibi;2
Zachary Svajda;5,5
Zane Khan;6
Zdenek Kolar;3
Ze Zhang;2,333333333
Zhaoyi Cao;2,5
Zhe Li;3
Zhicheng Zhu;2,5
Zhizhen Zhang;3,5
Zhuoyang Qiu;3,5
Zihao Xia;3,5
Zizou Bergs;4
Zsombor Piros;4
